"Task_ID","Date_Requested","Requested_By","Target_Role","Module_Section","Specification_Task","Implementation_Status","Git_Commit","Git_Branch","Verified_By","Implementation_Remarks"
"REV-001","2026-08-27","HonTech QA & Capstone Team","Assistant & SA","Master Queue","Move modules to the second level, under 'Online Booking Form'","Done","5711609","branch2-Security-Account-Recovery","Antigravity QA","Updated buildNavbar for Assistant role to place Online Booking 1st and Master Queue 2nd in sidebar hierarchy."
"REV-002","2026-08-27","HonTech QA & Capstone Team","Assistant & SA","Customer History and Back-Job Lookup","Fix branch name display (e.g., 'Makati Branch' / 'Regalado' - pangalan is cut off)","Done","5711609","branch2-Security-Account-Recovery","Antigravity QA","Replaced outdated branch references with 'Regalado Branch' and added responsive badge classes to prevent text truncation."
"REV-003","2026-08-27","HonTech QA & Capstone Team","Assistant & SA","Customer History and Back-Job Lookup","Clarify/remove 'Clear' button ('Ano ang purpose ng clear? Diba pag pinalitan talaga mawawala')","Done","5711609","branch2-Security-Account-Recovery","Antigravity QA","Connected to clearCustomerLookupSearch() to provide 1-click search and filter reset back to the full customer list."
"REV-004","2026-08-27","HonTech QA & Capstone Team","Assistant & SA","Customer History and Back-Job Lookup","Move under 'Fast Intake Dispatch'","Done","5711609","branch2-Security-Account-Recovery","Antigravity QA","Embedded Fast Intake Dispatch action card directly inside the active Customer Dossier view."
"REV-005","2026-08-27","HonTech QA & Capstone Team","Assistant & SA","Back-Job (Warranty)","Remove the word 'warranty' (It is the company's decision if it's free/covered or not)","Done","5711609","branch2-Security-Account-Recovery","Antigravity QA","Renamed button to 'Back-Job Return Intake' to reflect company discretionary warranty and cost evaluation upon bay inspection."
"REV-006","2026-08-27","HonTech QA & Capstone Team","Assistant & SA","Back-Job (Warranty)","Change button behavior: Pressing it should not go directly to 'Online Booking Form'. It must ask for 'Reasons' first.","Done","5711609","branch2-Security-Account-Recovery","Antigravity QA","Button now triggers #modal-backjob-reason first to capture customer complaint, category, and odometer before form dispatch."
"REV-007","2026-08-27","HonTech QA & Capstone Team","SA","Customer History & Back-Jobs","Apply the exact same revisions as the Assistant role","Done","5711609","branch2-Security-Account-Recovery","Antigravity QA","Customer Lookup and Back-Job intake workflow are shared identically across Assistant and Service Advisor roles."
"REV-008","2026-08-27","HonTech QA & Capstone Team","SA","Bay Status (Capacity Configuration)","Current setup is okay, but add a setting allowing them to add more than 20 bays in the future.","Done","5711609","branch2-Security-Account-Recovery","Antigravity QA","Implemented promptCustomBayCount() and flexible capacity scaling supporting 2 to 50 active service bays."
"REV-009","2026-08-27","HonTech QA & Capstone Team","SA","Daily Intakes","SA should be the one to claim the vehicle (Note marked as 'goods na' / Done)","Done","5711609","branch2-Security-Account-Recovery","Antigravity QA","Added 'Assign to Me' single-owner claim with ticket takeover handover dialog (#modal-ticket-takeover) for absent advisors."
"REV-010","2026-08-27","HonTech QA & Capstone Team","Administrator","Bay Capacity","When Admin adjusts capacity, the SA should not be able to change the active bays.","Done","5711609","branch2-Security-Account-Recovery","Antigravity QA","Capacity configuration card is hidden for SAs with strict RBAC guards preventing non-admin adjustments."
"REV-011","2026-08-27","HonTech QA & Capstone Team","Administrator","Bay Capacity","Allow editing to whatever number of bays the company decides.","Done","5711609","branch2-Security-Account-Recovery","Antigravity QA","Admin has unrestricted control to configure capacity from 2 up to 50 bays via presets and custom dialog."
"REV-012","2026-08-27","HonTech QA & Capstone Team","Owner","Capacity Configuration","Remove ability to change capacity. Owner should only have 'View Only' access for this.","Done","5711609","branch2-Security-Account-Recovery","Antigravity QA","Capacity sliders are hidden for Owner; Owner sees a 100% read-only workshop floor grid."
"REV-013","2026-08-27","HonTech QA & Capstone Team","Owner","Customer Lookup","Remove Customer Lookup from Owner. They should only receive data (Analytics only).","Done","5711609","branch2-Security-Account-Recovery","Antigravity QA","Removed Customer Lookup from Owner navigation sidebar."
"REV-014","2026-08-27","HonTech QA & Capstone Team","Owner","Analytics","Add Customer Data Backjobs to Analytics.","Done","5711609","branch2-Security-Account-Recovery","Antigravity QA","Integrated Customer Back-Job Return Intelligence tab with return rates, root causes, and repeat repair audit table in Owner Analytics."
"REV-015","2026-08-28","HonTech QA & Capstone Team","SA & Assistant","Daily Intakes / Workshop Bays","Lock Bay selection while status is 'Waiting'; unlock Bay assignment only when status is 'Monitoring'.","Done","18eb781","branch2-Security-Account-Recovery","Antigravity QA","Locked location/bay dropdown when status is Waiting (displays Waiting Area lock badge). Transitioning to Monitoring unlocks bay allocation. Rollback to Waiting auto-resets bay to Waiting Area."
"REV-016","2026-08-28","HonTech QA & Capstone Team","SA & Admin","Workshop Capacity & Bay Management","Upgrade bay status cards with live status badges (Monitoring/In Progress/Ready), smart plate deep-linking to Daily Intakes, and clean unassign flow.","Done","1e785f9","branch2-Security-Account-Recovery","Antigravity QA","Replaced static IN SERVICE badge with dynamic status badges. Added jumpToJobRecord(plate) to View Record button and unassignBay helper with live floor synchronization."
"REV-017","2026-08-28","HonTech QA & Capstone Team","Admin & SA","Workshop Capacity & Bay Settings","Clarify Administrator Max Bay Ceiling in Settings vs Service Advisor (SA) floor bay scaling on live floor.","Done","Pending","branch2-Security-Account-Recovery","Antigravity QA","Admin sets facility max bay ceiling (10 to 50 bays) in Settings. Service Advisor operates active floor bay scaling (2 to Admin ceiling) on the live workshop floor. Owner is 100% view-only."
"REV-018","2026-08-30","HonTech QA & Capstone Team","All Roles & TV Display","TV Monitor & Workshop Audio","Implement Automated TV Voice Announcement System (Web Speech API) and TV Developer Toolbox Simulation Deck.","Done","Pending","branch2-Security-Account-Recovery","Antigravity QA","Integrated client-side Web Speech Synthesis that plays airport-style chime and announces customer name, plate number, and assigned bay when vehicles are moved to Monitoring or Ready. Preserved clean public TV header and placed all simulation controls inside a discrete TV Developer Toolbox modal."
"REV-019","2026-09-05","HonTech QA & Capstone Team","Owner & Admin","Executive Analytics & Audit","Add Centralized 'Audit Logs & Handovers' Module to Executive Analytics Dashboard with CSV Export.","Done","d384716","branch2-Security-Account-Recovery","Antigravity QA","Added 6th executive dashboard sub-tab (#db-tab-audits) with live telemetry cards (total events, takeovers, delay reasons), real-time action filtering, searchable log records, and 1-click CSV export."
"REV-020","2026-09-05","HonTech QA & Capstone Team","Owner & Admin","Operational Reports & Express Delays","Streamline Category Intakes to 4 core types (PMS, GRS, PMS & GRS, Others), remove planned/variance/peak-hour metrics, and simplify Express Delays module into clean direct insights draft.","Done","c945d9d","branch2-Security-Account-Recovery","Antigravity QA","Refactored db-tab-reports to strictly 4 categories without target plan or variance numbers; removed 4 legacy top cards and peak hour capacity; simplified db-tab-express into a clean 4-stat metric strip, 2-column cause breakdown & diagnostic insights deck, and overrun incident log."
"REV-021","2026-09-05","HonTech QA & Capstone Team","Owner & Admin","QC & Back-Jobs & Express Delays","Fix blank screen on QC & Back-Jobs tab and streamline SA Delay Reports Table without duplicate DOM elements.","Done","9e708d0","branch2-Security-Account-Recovery","Antigravity QA","Fixed stray duplicate table tags and unclosed wrappers in index.html that caused db-tab-backjobs to break; enhanced renderBackJobIntelligenceModule with robust multi-layer fallback to allJobs and analyticsJobs; auto-loads on tab switch if dataset is pending."
"REV-022","2026-09-05","HonTech QA & Capstone Team","Owner & Admin","Audit Logs & Handovers","Fix runtime exception on Audit Logs and Handovers tab caused by undefined escapeHtml and duplicate formatFieldName.","Done","4ecae8b","branch2-Security-Account-Recovery","Antigravity QA","Defined global escapeHtml and formatFieldName helpers at the top of app.js; removed duplicate function declaration; bumped script cache buster to v=5.01."
"REV-023","2026-09-05","HonTech QA & Capstone Team","All Roles","Account Profile & System-wide Identity","Make user identity display shared full names across navbar, dropdown, and job logs; add dynamic Edit Full Name capability in Account Settings.","Done","3025f03","branch2-Security-Account-Recovery","Antigravity QA","Updated database seed users to proper full names (e.g. Mark Bautista, Adrian Mendoza, Engr. Antonio Honrado); added PUT /api/auth/profile/name endpoint; added Edit Full Name modal and real-time synchronization across top header, sidebar, profile dropdown, and Account Settings cards."
"REV-024","2026-09-06","HonTech QA & Capstone Team","All Roles & TV Display","Status Workflow, TV Announcements & Dev Tools","Streamline status workflow (Waiting -> Monitoring, remove bay restrictions, preserve Monitoring on Waiting Area select, purge In Progress), implement customer-mention TV banners and voice announcements for 5 operational events, and provide dedicated TV module Developer Tools.","Done","Pending","branch2-Security-Account-Recovery","Antigravity QA","Eliminated In Progress from backend controllers, seeds, and frontend views. Status now defaults to Waiting and transitions to Monitoring, where bays can be assigned freely or set to Waiting Area while remaining in Monitoring. Upgraded TV notification banner and Web Speech announcements to explicitly announce customer name, vehicle, and plate across Monitoring, Bay Allocation, Ready to Release, Carry Over, and Return to Active. Added collapsible TV Developer Simulation Drawer directly on the TV Module and inside the Ctrl+D Dev Toolbox."
"REV-025","2026-09-06","HonTech QA & Capstone Team","All Roles & TV Display","TV UI & Selection Cards Design Polish","Elevate the 5 event selection controls and TV Alert HUD banner into a human-crafted, professional automotive dealership design standard.","Done","Pending","branch2-Security-Account-Recovery","Antigravity QA","Redesigned the 5 selection cards in the TV Dev Drawer and Ctrl+D Developer Toolbox with dark slate telemetry styling, monospace step indicators, status-themed icon badges, and concise enterprise subtitles. Replaced bouncy gradient alert banners with an authentic Philippine license plate HUD broadcast banner featuring animated audio equalizer bars, customer callouts, and location metadata pills."
"REV-033","2026-09-06","HonTech QA & Capstone Team","All Roles & TV Display","Daily Intakes Live Status & Location Announcements","Connect Daily Intakes table status dropdowns, bay location selectors, and carryover modals directly to audio chimes, voice speech TTS, and the Red-White-Red TV alert plaque.","Done","Pending","branch2-Security-Account-Recovery","Antigravity QA","Wired updateJobField location changes, setJobStatus transitions (Monitoring, Ready, Carry Over, Return Active), and submitCarryoverDetails to automatically trigger Web Speech voice announcements and the on-screen Red-White-Red TV notification plaque with specific vehicle model and plate details."
"REV-034","2026-09-07","HonTech QA & Capstone Team","SA & Assistant","Daily Intakes & Lane Selection","Fix Service Advisor lane selection reverting to default in Daily Intakes and Intake forms.","Done","Pending","branch2-Security-Account-Recovery","Antigravity QA","Directly connected Daily Intakes lane selector to handleTableLaneChange and updateJobField without blocking audit prompt; added full-spectrum normalizeLaneType mapping across backend normalization, createJob, updateJobField, and frontend table rendering to persist Express, Flexible, Special, and Priority lanes reliably."
"REV-035","2026-09-07","HonTech QA & Capstone Team","SA & Assistant","Daily Intakes & Carry-Over Restoration","Fix ReferenceError on isMonitoringOrActive blocking Daily Intakes and Carry-Over table rendering; remove redundant Search Customer / Back-Job button from Daily Intakes container.","Done","Pending","branch2-Security-Account-Recovery","Antigravity QA","Corrected variable reference in renderStaffTables location column to isMonitoring, restoring live records display across Daily Intakes and Carry-Over; removed extraneous Search Customer / Back-Job button from the Daily Intakes card header."
"REV-036","2026-09-07","HonTech QA & Capstone Team","All Roles (SA, Asst, Owner, Admin)","Carry-Over Board DOM Fix, Data Recovery & Alignment","Fix missing closing div tag in Daily Intakes header that nested Carry-Over container inside Daily Intakes causing innerHTML to wipe it out; recover 3 active Carry-Over records in seed; align 10 table columns with Service Advisor badge.","Done","Pending","branch2-Security-Account-Recovery","Antigravity QA","Corrected unclosed flex div in index.html line 2885, restoring container-carry-over as an independent sibling card in section-queue; added carry_over_status to seed schema and populated WLK-2003, WLK-2025, WLK-2026; added Service Advisor cell in app.js table-carry-over template; bumped script cache version to v=5.26."
"REV-037","2026-09-07","HonTech QA & Capstone Team","All Roles (SA, Asst, Owner, Admin)","Daily Intakes Expanded Rows & Increased Table Scroll Height","Populated 8 additional active vehicle intake records with diverse SAs, lanes, and statuses in database seed; increased Daily Intakes table scroll area from 420px to 580px to display more concurrent rows comfortably.","Done","Pending","branch2-Security-Account-Recovery","Antigravity QA","Added 8 realistic active intake vehicles (WLK-2027 through WLK-2034) across PMS, GRS, and Others with realistic evaluations, arrival times, and workshop bays; increased table container max-h from 420px to 580px in app.js and index.html; bumped script version to v=5.27."
"REV-038","2026-09-07","HonTech QA & Capstone Team","All Roles (Owner, Admin, SA, Assistant)","Owner & Admin Workshop Bay Capacity Authority Enforcement","Enforce Owner and Administrator authority to configure the active workshop/TV bay capacity; bind Service Advisors (SAs) strictly to the configured bay limit (1 to N) in Daily Intakes Monitoring bay allocation.","Done","Pending","branch2-Security-Account-Recovery","Antigravity QA","Restricted capacity configuration controls (steppers, dropdowns, presets, custom ceiling) in section-bays strictly to Owner and Administrator; added read-only Authority Bay Limit card for SAs; bounded Daily Intakes Monitoring Location dropdown dynamically to exactly Bay 1 through Bay N configured by Owner/Admin; updated TV monitor grid and bumped script version to v=5.28."
"REV-039","2026-09-07","HonTech QA & Capstone Team","Service Advisor, Owner, Admin","Service Advisor Bay Operating Rules Board & Hard Boundary Enforcement","Display comprehensive Workshop Bay Operating Rules & Policy Board for SAs in Bay Status and Daily Intakes header; enforce strict server/client boundary ensuring SAs can only choose from bays set by Owner/Admin.","Done","Pending","branch2-Security-Account-Recovery","Antigravity QA","Added 4-rule Workshop Bay Operating Rules & Policy Board in section-bays for SAs (Capacity Ceiling, SA Boundary, Daily Intakes Sync, Live TV Broadcast); added Authorized Bay Rule indicator pill to Daily Intakes header; added hard location validation in updateJobField and openBayAllocationModal preventing selection outside active bays; bumped script version to v=5.29."
"REV-040","2026-09-07","HonTech QA & Capstone Team","Service Advisor, Owner, Admin","SA Daily Active Bay Selection Capability within Owner/Admin Ceiling","Empower Service Advisors to choose the active workshop bay count for today (1 to N) on the module while strictly respecting and enforcing the facility ceiling set by the Owner/Admin.","Done","Pending","branch2-Security-Account-Recovery","Antigravity QA","Granted SAs active access to capacity controls (stepper, dropdown, quick presets, custom prompt) in section-bays; bounded all SA scaling options strictly to the Owner/Admin facility ceiling; updated Daily Intakes header and Location dropdowns to follow the SA's daily active choice; bumped script version to v=5.30."
"REV-041","2026-09-07","HonTech QA & Capstone Team","Owner, Admin, Service Advisor","Admin Full Capacity Config vs SA Single Selection Bar UI Separation","Differentiate Workshop Bay Management UI between Admin/Owner (full Floor Capacity Configuration with quick presets chips 2-20 bays and custom ceiling prompt) and Service Advisor (streamlined single Total Active Bays selection bar with stepper and dropdown 1 to N bounded by Admin).","Done","Pending","branch2-Security-Account-Recovery","Antigravity QA","Created #bays-admin-control-card with full preset chips and ceiling tools for Owner/Admin, and #bays-sa-control-card with clean Total Active Bays selection bar for SA; synced buildNavbar RBAC and initWorkshopBaySettings to handle both controls; bumped script version to v=5.31."
"REV-042","2026-09-07","HonTech QA & Capstone Team","Service Advisor, Admin, Owner","Relocate Authorized Bay Rule Pill to Bay Status Module","Remove the Authorized Bay Rule pill from the Daily Intakes table header to keep Daily Intakes focused strictly on vehicle queue rows, and position the Authorized Bay Rule badge directly inside the SA's Bay Status module control card.","Done","Pending","branch2-Security-Account-Recovery","Antigravity QA","Purged Authorized Bay Rule pill from renderStaffTables dailyIntakesEl header; added dynamic #sa-bays-rule-pill-range and #sa-bays-rule-pill-ceiling inside #bays-sa-control-card in section-bays; updated initWorkshopBaySettings; bumped script cache version to v=5.32."
"REV-043","2026-09-07","HonTech QA & Capstone Team","Service Advisor, Admin, Owner","Purge Authorized Bay Rule Badge & Enable Visible SA Active Bay Selection Bar","Completely remove the Authorized Bay Rule badge from UI; fix hidden state and ensure #bays-sa-control-card is cleanly visible and functional for Service Advisors in Bay Status with steppers and 1 to N dropdown bounded by Admin/Owner ceiling.","Done","Pending","branch2-Security-Account-Recovery","Antigravity QA","Purged Authorized Bay Rule badge and #bays-sa-readonly-card completely; removed hardcoded hidden class from #bays-sa-control-card; added updateBayControlsVisibility to reliably toggle #bays-admin-control-card vs #bays-sa-control-card across buildNavbar, initWorkshopBaySettings, renderWorkshopBaysModule, and showSection; bumped script cache version to v=5.33."
"REV-044","2026-09-07","HonTech QA & Capstone Team","Owner, Admin, Service Advisor","Admin/Owner Facility Ceiling Rule Sync & SA 1-to-N Dynamic Bound Enforcement","Ensure Admin/Owner capacity selections dynamically set the facility ceiling rule (e.g. 6 bays), strictly bounding the SA's active bay selection to 1 through that ceiling (1-6 bays), with SA able to freely choose operational count within that bound without altering Admin's ceiling.","Done","Pending","branch2-Security-Account-Recovery","Antigravity QA","Updated handleWorkshopBayCountChange and setFacilityMaxBayLimit so Admin/Owner choices establish the facility ceiling (stored in hontech_max_bay_limit and defaulting to 6) while SA choices adjust hontech_workshop_bay_count bounded strictly 1 to N; updated Admin preset chips and dropdown to allow full ceiling control; updated SA dropdown and steppers to dynamically bind to ceiling; bumped script cache version to v=5.34."
"REV-075","2026-09-17","HonTech QA & Capstone Team","Service Advisor, All Roles","Dynamic PDF Stamping Across All SA Worksheets & Open-Minded Inquiry Mandate","Compile and stamp live input values onto Quotation_No, Billing_No, and CheckList_Result official PDFs via PDFLib; harmonize typography to professional 8pt dark charcoal ink; enshrine AI open-minded inquiry mandate in AGENTS.md and agent-workflow SKILL.md.","Done","Pending","prototype_process","Antigravity QA","Implemented compileQuotePDFBytes, compileBillingPDFBytes, compileChecklistPDFBytes with debounced auto-preview updates; harmonized Form 13 typography to dark charcoal ink rgb(0.08,0.08,0.08) and 8pt sizing; added Suite 8 tests (39/39 passing); bumped version to v=2.34."
"REV-076","2026-09-17","HonTech QA & Capstone Team","Service Advisor, All Roles","Complete Lossless Data Injection into Official Excel Template","Load pristine Current_2025 BLANK RO UPDATED.xlsx binary template into JSZip; map and inject Job Order customer dossier (C10-K13) Parts (D27-G52) Materials (H27-K52) Diagnostic (B27-B52) and Quote/Billing/Checklist across sheets 1-7.","Done","0c21565","prototype_process","Antigravity QA","Replaced undefined base64 with cached getOfficialXlsxTemplateBuffer; mapped precision cell coordinates for Job_Order, Quotation_No 1-3, Billing_No 1-2, and CheckList_Result; added Suite 9 tests (42/42 passing); bumped version to v=2.35."
"REV-077","2026-09-17","HonTech QA & Capstone Team","Service Advisor & All Roles","Quotation Scope Safety, ReferenceError Elimination & Legacy Handler Purge","Resolved Uncaught ReferenceError on removeForm23Row by safely binding legacy aliases (removeForm23Row -> removeForm23ItemRow, addForm23Row -> addForm23ItemRow, calculateForm23Totals -> calcForm23Totals, applyForm23Preset -> applyQuotePreset); purged obsolete duplicate prototype studio block from lines 14607-14910 that was overwriting the active 2025 syncForm23Canvas; verified clean script execution without syntax or scope errors; added Suite 10 tests expanding automated assertions to 44/44 passing; bumped cache buster to v=2.36.","Done","d215211","prototype_process","Antigravity QA","Eliminated scope ReferenceError; purged dead legacy code; verified VM execution without runtime errors; passed 44/44 automated assertions across 19 suites."
"REV-078","2026-09-17","HonTech QA & Capstone Team","Service Advisor & All Roles","OpenXML SpreadsheetML Namespace Compliance & LibreOffice Display Fix","Resolved issue where injected data appeared blank in LibreOffice Calc and Excel due to empty xmlns attributes on inlineStr tags; enforced document.createElementNS with official SpreadsheetML namespace (http://schemas.openxmlformats.org/spreadsheetml/2006/main) on all cell, row, and value tags; purged rogue empty xmlns attributes via regex on serialization; added fullCalcOnLoad to workbook.xml to ensure formulas (e.g. D23 customer signature formula =C10) recalculate automatically on file open; expanded test suite to 45 passing assertions; bumped cache buster to v=2.37.","Done","23868fc","prototype_process","Antigravity QA","Enforced SML_NS on createElementNS; serialized clean XML without empty xmlns; set fullCalcOnLoad; verified in browser; passed 45/45 automated assertions across 19 suites."
"REV-079","2026-09-17","HonTech QA & Capstone Team","All Roles & Developers","Technical Documentation Organization & 7 Numbered Subdirectories","Reorganized all 40+ flat files in Hontech Documentation/Technical into 7 numbered operational subdirectories (01_Staff_Foundations_and_Operations, 02_Architecture_and_Engineering, 03_Quality_Assurance_and_Testing, 04_Deployment_and_Infrastructure, 05_Client_Proposals_and_Defense, 06_Project_Logs_and_Checkpoints, 07_Career_and_Portfolio); overhauled root README.md into an executive navigation directory; updated AGENTS.md directives and implementation plan; verified 100% test pass rate (45/45 assertions).","Done","010fe2f","prototype_process","Antigravity QA","Structured 7 numbered folders; moved 41 files; updated README.md and AGENTS.md; verified 45/45 automated assertions passing."
"REV-080","2026-09-17","HonTech QA & Capstone Team","Service Advisor & All Roles","1-Button Studio RO Registration, Warranty Back-Job Sync & Intake Streamlining","Unified vehicle intake and repair order creation into single action button [💾 Register Repair Order to System] in 2025 RO Excel Studio; migrated MySQL schema and JobController with 10 core fields, engine_no, and back-job attributes; upgraded Customer Lookup with engine number search and returning customer/back-job studio loading; retired redundant walk-in intake form from SA navigation; expanded automated test suite to 50 passing assertions across 20 suites; bumped cache buster to v=2.39.","Done","802d667","prototype_process","Antigravity QA","Implemented registerStudioROToSystem, loadCustomerIntoStudioForms, and f13-backjob-banner; updated migration.php and JobController; retired Walk-In Form from SA nav; added Suite 11 tests passing 50/50 assertions."
"REV-081","2026-09-17","HonTech QA & Capstone Team","Service Advisor & Assistant","Authentic HonTech Form 1/3 Customer Details 3-Column Layout & Dossier Actions","Redesigned Customer Lookup (#section-lookup) to match the official HonTech Form 1/3 physical document and 2025 Excel template header block; added top contact line (85644550/71219124/09458757441/09525065084-VIBER), gray #C0C0C0 CUSTOMER DETAILS banner, and 12 underlined fields across 3 columns; extracted email and chassis_no in buildCustomerLookupRegistry; defensively populated all 12 fields in selectCustomerForLookup; added copyCustomerDossier and attached command action toolbar; expanded automated tests to 54 passing assertions across 21 suites; bumped cache buster to v=2.40.","Done","b37e8aa","prototype_process","Antigravity QA","Transformed generic lookup cards into authentic 3-column physical document layout; bound 12 fields; wired copyCustomerDossier; added Suite 12 tests (AUT-FRONT-36-39); 54/54 automated assertions passing."





